{"cameraMode":{"drawMode":0,"name":"Shaded","section":"Shading Mode"},"sceneLighting":true,"audioPlay":false,"sceneViewState":{"m_AlwaysRefresh":false,"showFog":true,"showSkybox":true,"showFlares":true,"showImageEffects":true,"showParticleSystems":true,"showVisualEffectGraphs":true,"m_FxEnabled":true},"in2DMode":false,"pivot":{"x":-0.32964760065078738,"y":-13.187934875488282,"z":11.689977645874024},"rotation":{"x":-0.3568991720676422,"y":-0.027460342273116113,"z":0.010496184229850769,"w":-0.9336850047111511},"size":29.96925163269043,"orthographic":false}